,count,mean,std,min,25%,50%,75%,max
track_genre_acoustic,113999.0,0.008772006771989228,0.09324770744079453,0.0,0.0,0.0,0.0,1.0
track_genre_afrobeat,113999.0,0.008772006771989228,0.09324770744079453,0.0,0.0,0.0,0.0,1.0
track_genre_alt-rock,113999.0,0.008772006771989228,0.09324770744079453,0.0,0.0,0.0,0.0,1.0
track_genre_alternative,113999.0,0.008772006771989228,0.09324770744079453,0.0,0.0,0.0,0.0,1.0
track_genre_ambient,113999.0,0.008772006771989228,0.09324770744079453,0.0,0.0,0.0,0.0,1.0
track_genre_anime,113999.0,0.008772006771989228,0.09324770744079451,0.0,0.0,0.0,0.0,1.0
track_genre_black-metal,113999.0,0.008772006771989228,0.09324770744079453,0.0,0.0,0.0,0.0,1.0
track_genre_bluegrass,113999.0,0.008772006771989228,0.09324770744079453,0.0,0.0,0.0,0.0,1.0
track_genre_blues,113999.0,0.008772006771989228,0.09324770744079453,0.0,0.0,0.0,0.0,1.0
track_genre_brazil,113999.0,0.008772006771989228,0.09324770744079453,0.0,0.0,0.0,0.0,1.0
track_genre_breakbeat,113999.0,0.008772006771989228,0.09324770744079453,0.0,0.0,0.0,0.0,1.0
track_genre_british,113999.0,0.008772006771989228,0.09324770744079453,0.0,0.0,0.0,0.0,1.0
track_genre_cantopop,113999.0,0.008772006771989228,0.09324770744079453,0.0,0.0,0.0,0.0,1.0
track_genre_chicago-house,113999.0,0.008772006771989228,0.09324770744079453,0.0,0.0,0.0,0.0,1.0
track_genre_children,113999.0,0.008772006771989228,0.09324770744079453,0.0,0.0,0.0,0.0,1.0
track_genre_chill,113999.0,0.008772006771989228,0.09324770744079453,0.0,0.0,0.0,0.0,1.0
track_genre_classical,113999.0,0.008772006771989228,0.09324770744079453,0.0,0.0,0.0,0.0,1.0
track_genre_club,113999.0,0.008772006771989228,0.09324770744079453,0.0,0.0,0.0,0.0,1.0
track_genre_comedy,113999.0,0.008772006771989228,0.09324770744079453,0.0,0.0,0.0,0.0,1.0
track_genre_country,113999.0,0.008772006771989228,0.09324770744079453,0.0,0.0,0.0,0.0,1.0
track_genre_dance,113999.0,0.008772006771989228,0.09324770744079453,0.0,0.0,0.0,0.0,1.0
track_genre_dancehall,113999.0,0.008772006771989228,0.09324770744079453,0.0,0.0,0.0,0.0,1.0
track_genre_death-metal,113999.0,0.008772006771989228,0.09324770744079453,0.0,0.0,0.0,0.0,1.0
track_genre_deep-house,113999.0,0.008772006771989228,0.09324770744079453,0.0,0.0,0.0,0.0,1.0
track_genre_detroit-techno,113999.0,0.008772006771989228,0.09324770744079453,0.0,0.0,0.0,0.0,1.0
track_genre_disco,113999.0,0.008772006771989228,0.09324770744079453,0.0,0.0,0.0,0.0,1.0
track_genre_disney,113999.0,0.008772006771989228,0.09324770744079453,0.0,0.0,0.0,0.0,1.0
track_genre_drum-and-bass,113999.0,0.008772006771989228,0.09324770744079453,0.0,0.0,0.0,0.0,1.0
track_genre_dub,113999.0,0.008772006771989228,0.09324770744079453,0.0,0.0,0.0,0.0,1.0
track_genre_dubstep,113999.0,0.008772006771989228,0.09324770744079453,0.0,0.0,0.0,0.0,1.0
track_genre_edm,113999.0,0.008772006771989228,0.09324770744079453,0.0,0.0,0.0,0.0,1.0
track_genre_electro,113999.0,0.008772006771989228,0.09324770744079453,0.0,0.0,0.0,0.0,1.0
track_genre_electronic,113999.0,0.008772006771989228,0.09324770744079453,0.0,0.0,0.0,0.0,1.0
track_genre_emo,113999.0,0.008772006771989228,0.09324770744079453,0.0,0.0,0.0,0.0,1.0
track_genre_folk,113999.0,0.008772006771989228,0.09324770744079453,0.0,0.0,0.0,0.0,1.0
track_genre_forro,113999.0,0.008772006771989228,0.09324770744079453,0.0,0.0,0.0,0.0,1.0
track_genre_french,113999.0,0.008772006771989228,0.09324770744079453,0.0,0.0,0.0,0.0,1.0
track_genre_funk,113999.0,0.008772006771989228,0.09324770744079453,0.0,0.0,0.0,0.0,1.0
track_genre_garage,113999.0,0.008772006771989228,0.09324770744079453,0.0,0.0,0.0,0.0,1.0
track_genre_german,113999.0,0.008772006771989228,0.09324770744079453,0.0,0.0,0.0,0.0,1.0
track_genre_gospel,113999.0,0.008772006771989228,0.09324770744079453,0.0,0.0,0.0,0.0,1.0
track_genre_goth,113999.0,0.008772006771989228,0.09324770744079453,0.0,0.0,0.0,0.0,1.0
track_genre_grindcore,113999.0,0.008772006771989228,0.09324770744079453,0.0,0.0,0.0,0.0,1.0
track_genre_groove,113999.0,0.008772006771989228,0.09324770744079453,0.0,0.0,0.0,0.0,1.0
track_genre_grunge,113999.0,0.008772006771989228,0.09324770744079453,0.0,0.0,0.0,0.0,1.0
track_genre_guitar,113999.0,0.008772006771989228,0.09324770744079453,0.0,0.0,0.0,0.0,1.0
track_genre_happy,113999.0,0.008772006771989228,0.09324770744079453,0.0,0.0,0.0,0.0,1.0
track_genre_hard-rock,113999.0,0.008772006771989228,0.09324770744079453,0.0,0.0,0.0,0.0,1.0
track_genre_hardcore,113999.0,0.008772006771989228,0.09324770744079453,0.0,0.0,0.0,0.0,1.0
track_genre_hardstyle,113999.0,0.008772006771989228,0.09324770744079453,0.0,0.0,0.0,0.0,1.0
track_genre_heavy-metal,113999.0,0.008772006771989228,0.09324770744079453,0.0,0.0,0.0,0.0,1.0
track_genre_hip-hop,113999.0,0.008772006771989228,0.09324770744079453,0.0,0.0,0.0,0.0,1.0
track_genre_honky-tonk,113999.0,0.008772006771989228,0.09324770744079453,0.0,0.0,0.0,0.0,1.0
track_genre_house,113999.0,0.008772006771989228,0.09324770744079453,0.0,0.0,0.0,0.0,1.0
track_genre_idm,113999.0,0.008772006771989228,0.09324770744079453,0.0,0.0,0.0,0.0,1.0
track_genre_indian,113999.0,0.008772006771989228,0.09324770744079453,0.0,0.0,0.0,0.0,1.0
track_genre_indie,113999.0,0.008772006771989228,0.09324770744079453,0.0,0.0,0.0,0.0,1.0
track_genre_indie-pop,113999.0,0.008772006771989228,0.09324770744079453,0.0,0.0,0.0,0.0,1.0
track_genre_industrial,113999.0,0.008772006771989228,0.09324770744079453,0.0,0.0,0.0,0.0,1.0
track_genre_iranian,113999.0,0.008772006771989228,0.09324770744079453,0.0,0.0,0.0,0.0,1.0
track_genre_j-dance,113999.0,0.008772006771989228,0.09324770744079453,0.0,0.0,0.0,0.0,1.0
track_genre_j-idol,113999.0,0.008772006771989228,0.09324770744079453,0.0,0.0,0.0,0.0,1.0
track_genre_j-pop,113999.0,0.008772006771989228,0.09324770744079453,0.0,0.0,0.0,0.0,1.0
track_genre_j-rock,113999.0,0.008772006771989228,0.09324770744079453,0.0,0.0,0.0,0.0,1.0
track_genre_jazz,113999.0,0.008772006771989228,0.09324770744079453,0.0,0.0,0.0,0.0,1.0
track_genre_k-pop,113999.0,0.008763234765217238,0.09320148432213979,0.0,0.0,0.0,0.0,1.0
track_genre_kids,113999.0,0.008772006771989228,0.09324770744079453,0.0,0.0,0.0,0.0,1.0
track_genre_latin,113999.0,0.008772006771989228,0.09324770744079453,0.0,0.0,0.0,0.0,1.0
track_genre_latino,113999.0,0.008772006771989228,0.09324770744079453,0.0,0.0,0.0,0.0,1.0
track_genre_malay,113999.0,0.008772006771989228,0.09324770744079453,0.0,0.0,0.0,0.0,1.0
track_genre_mandopop,113999.0,0.008772006771989228,0.09324770744079453,0.0,0.0,0.0,0.0,1.0
track_genre_metal,113999.0,0.008772006771989228,0.09324770744079453,0.0,0.0,0.0,0.0,1.0
track_genre_metalcore,113999.0,0.008772006771989228,0.09324770744079453,0.0,0.0,0.0,0.0,1.0
track_genre_minimal-techno,113999.0,0.008772006771989228,0.09324770744079453,0.0,0.0,0.0,0.0,1.0
track_genre_mpb,113999.0,0.008772006771989228,0.09324770744079453,0.0,0.0,0.0,0.0,1.0
track_genre_new-age,113999.0,0.008772006771989228,0.09324770744079453,0.0,0.0,0.0,0.0,1.0
track_genre_opera,113999.0,0.008772006771989228,0.09324770744079453,0.0,0.0,0.0,0.0,1.0
track_genre_pagode,113999.0,0.008772006771989228,0.09324770744079453,0.0,0.0,0.0,0.0,1.0
track_genre_party,113999.0,0.008772006771989228,0.09324770744079453,0.0,0.0,0.0,0.0,1.0
track_genre_piano,113999.0,0.008772006771989228,0.09324770744079453,0.0,0.0,0.0,0.0,1.0
track_genre_pop,113999.0,0.008772006771989228,0.09324770744079453,0.0,0.0,0.0,0.0,1.0
track_genre_pop-film,113999.0,0.008772006771989228,0.09324770744079453,0.0,0.0,0.0,0.0,1.0
track_genre_power-pop,113999.0,0.008772006771989228,0.09324770744079453,0.0,0.0,0.0,0.0,1.0
track_genre_progressive-house,113999.0,0.008772006771989228,0.09324770744079453,0.0,0.0,0.0,0.0,1.0
track_genre_psych-rock,113999.0,0.008772006771989228,0.09324770744079453,0.0,0.0,0.0,0.0,1.0
track_genre_punk,113999.0,0.008772006771989228,0.09324770744079453,0.0,0.0,0.0,0.0,1.0
track_genre_punk-rock,113999.0,0.008772006771989228,0.09324770744079453,0.0,0.0,0.0,0.0,1.0
track_genre_r-n-b,113999.0,0.008772006771989228,0.09324770744079453,0.0,0.0,0.0,0.0,1.0
track_genre_reggae,113999.0,0.008772006771989228,0.09324770744079453,0.0,0.0,0.0,0.0,1.0
track_genre_reggaeton,113999.0,0.008772006771989228,0.09324770744079453,0.0,0.0,0.0,0.0,1.0
track_genre_rock,113999.0,0.008772006771989228,0.09324770744079453,0.0,0.0,0.0,0.0,1.0
track_genre_rock-n-roll,113999.0,0.008772006771989228,0.09324770744079453,0.0,0.0,0.0,0.0,1.0
track_genre_rockabilly,113999.0,0.008772006771989228,0.09324770744079453,0.0,0.0,0.0,0.0,1.0
track_genre_romance,113999.0,0.008772006771989228,0.09324770744079453,0.0,0.0,0.0,0.0,1.0
track_genre_sad,113999.0,0.008772006771989228,0.09324770744079453,0.0,0.0,0.0,0.0,1.0
track_genre_salsa,113999.0,0.008772006771989228,0.09324770744079453,0.0,0.0,0.0,0.0,1.0
track_genre_samba,113999.0,0.008772006771989228,0.09324770744079453,0.0,0.0,0.0,0.0,1.0
track_genre_sertanejo,113999.0,0.008772006771989228,0.09324770744079453,0.0,0.0,0.0,0.0,1.0
track_genre_show-tunes,113999.0,0.008772006771989228,0.09324770744079453,0.0,0.0,0.0,0.0,1.0
track_genre_singer-songwriter,113999.0,0.008772006771989228,0.09324770744079453,0.0,0.0,0.0,0.0,1.0
track_genre_ska,113999.0,0.008772006771989228,0.09324770744079453,0.0,0.0,0.0,0.0,1.0
track_genre_sleep,113999.0,0.008772006771989228,0.09324770744079453,0.0,0.0,0.0,0.0,1.0
track_genre_songwriter,113999.0,0.008772006771989228,0.09324770744079453,0.0,0.0,0.0,0.0,1.0
track_genre_soul,113999.0,0.008772006771989228,0.09324770744079453,0.0,0.0,0.0,0.0,1.0
track_genre_spanish,113999.0,0.008772006771989228,0.09324770744079453,0.0,0.0,0.0,0.0,1.0
track_genre_study,113999.0,0.008772006771989228,0.09324770744079453,0.0,0.0,0.0,0.0,1.0
track_genre_swedish,113999.0,0.008772006771989228,0.09324770744079453,0.0,0.0,0.0,0.0,1.0
track_genre_synth-pop,113999.0,0.008772006771989228,0.09324770744079453,0.0,0.0,0.0,0.0,1.0
track_genre_tango,113999.0,0.008772006771989228,0.09324770744079453,0.0,0.0,0.0,0.0,1.0
track_genre_techno,113999.0,0.008772006771989228,0.09324770744079453,0.0,0.0,0.0,0.0,1.0
track_genre_trance,113999.0,0.008772006771989228,0.09324770744079453,0.0,0.0,0.0,0.0,1.0
track_genre_trip-hop,113999.0,0.008772006771989228,0.09324770744079453,0.0,0.0,0.0,0.0,1.0
track_genre_turkish,113999.0,0.008772006771989228,0.09324770744079453,0.0,0.0,0.0,0.0,1.0
track_genre_world-music,113999.0,0.008772006771989228,0.09324770744079453,0.0,0.0,0.0,0.0,1.0
duration_class_long,113999.0,0.09872893621873877,0.298299034402251,0.0,0.0,0.0,0.0,1.0
duration_class_mid_normal,113999.0,0.2129404643900385,0.40938770522422396,0.0,0.0,0.0,0.0,1.0
duration_class_normal,113999.0,0.2948534636268739,0.4559788618576602,0.0,0.0,0.0,1.0,1.0
duration_class_short,113999.0,0.36407336906464094,0.4811714683457907,0.0,0.0,0.0,1.0,1.0
duration_class_very_long,113999.0,0.029403766699707894,0.16893618780977324,0.0,0.0,0.0,0.0,1.0
loudness_level,113999.0,1.9999122799322802,1.4142507759622305,0.0,1.0,2.0,3.0,4.0
popularity_level,113999.0,1.7154799603505293,1.0446554671028572,0.0,1.0,1.0,3.0,4.0
tempo_class,113999.0,1.0388161299660523,0.31591468742172957,0.0,1.0,1.0,1.0,4.0
popularity,113999.0,-4.986308551900281e-17,1.0000043860322416,-1.4902054888413832,-0.7280397971277939,0.0789591705689475,0.7514583103162321,2.993122109473847
time_signature,113999.0,-2.2737566996665283e-16,1.0000043860322418,-9.024149213746597,0.2218242027933286,0.2218242027933286,0.2218242027933286,2.533317556928309
key_mode,113999.0,7.878367512002445e-17,1.0000043860322418,-1.511882386078524,-0.9209605307047504,-0.0767864515993599,0.7673876275060306,1.6115617066114212
artist_song_count,113999.0,3.590142157368202e-17,1.0000043860322416,-0.5753061213731058,-0.5512620564963857,-0.3829536023593455,0.049839565421615,6.108943914355064
album_freq,113999.0,-3.19123747321618e-17,1.0000043860322416,-0.5149008301660896,-0.4722922476908068,-0.3870750827402415,-0.0888150054132629,7.751164170038745
danceability,113999.0,-1.116933115625663e-16,1.0000043860322416,-3.2660706536992614,-0.6384656279968802,0.0760585456590301,0.738722093807657,2.409786693486803
loudness,113999.0,2.1141948260057191e-16,1.0000043860322416,-8.206263251672471,-0.3487638091550364,0.2495259783477462,0.6473916695385298,2.5432684139184007
speechiness,113999.0,3.19123747321618e-17,1.0000043860322416,-0.8006284922100445,-0.4610918857286806,-0.3381399112368219,-0.0014406580129623,8.326191152762549
acousticness,113999.0,-7.97809368304045e-18,1.0000043860322416,-0.9470286614101732,-0.8962047802132005,-0.4387898494404451,0.8498511619739246,2.048272265938047
valence,113999.0,-2.393428104912135e-16,1.0000043860322416,-1.828535426392108,-0.8256808446423022,-0.0388257112693777,0.805886417204497,2.009311915304264
tempo,113999.0,4.587403867748259e-16,1.0000043860322416,-4.074556332244772,-0.7648633568807983,-0.0043596675604037,0.5978787958029932,4.043754252981584
loudness_intensity,113999.0,2.393428104912135e-17,1.0000043860322416,-15.57750351291605,-0.4575081308479618,0.1200745767595034,0.5896830762163506,4.701548277469095
happy_dance,113999.0,4.028937309935427e-16,1.0000043860322416,-1.4645406650701782,-0.8436634348288438,-0.1595215109566984,0.7195927607137607,3.3727075874998724
acoustics_instrumental,113999.0,1.59561873660809e-17,1.0000043860322418,-0.3063176392357594,-0.3063176392357594,-0.3063048081693927,-0.3028726437820447,4.786208231960231
artists_avg_popularity,113999.0,-3.3906898152921913e-17,1.0000043860322416,-1.7407739762544117,-0.7179854126563849,-0.0115555460573538,0.7141496280141952,3.496396379518616
tempo_vs_genre,113999.0,4.768157552754644e-18,1.0000043860322418,-4.233564044838485,-0.7482043633840911,-0.0264390006649746,0.5976573738791167,4.542232590121925
energy_rank_pct,113999.0,-1.4360568629472809e-16,1.0000043860322416,-1.732037227368003,-0.8660793879862653,0.0021119070036678,0.8680241656587075,1.7316270008277217
loud_energy_ratio,113999.0,4.687130038786264e-17,1.0000043860322418,-0.0097133601333997,-0.0094193196629202,-0.0093356166819812,-0.00915134506931705,326.0059117975489
mood_pca,113999.0,-3.989046841520225e-18,1.0000043860322418,-3.040273244148167,-0.6543748367151517,0.0597976728655466,0.7669255422024707,2.148691829309048
mood_cluster,113999.0,-1.795071078684101e-17,1.0000043860322416,-1.4438009721043656,-0.7757928102365876,-0.1077846483688094,0.8942275944328577,1.8962398372345248
acoustic_valence_mood_cluster,113999.0,6.183022604356349e-17,1.0000043860322418,-1.5812435666834157,-0.9221413015168112,0.0665120962330952,0.7256143613996996,1.714267759149606
explicit,113999.0,0.085500750006579,0.27962663973122925,0.0,0.0,0.0,0.0,1.0
energy,113999.0,0.6413832705304432,0.2515301125802994,0.0,0.472,0.685,0.854,1.0
mode,113999.0,0.6375582241949491,0.4807075638988523,0.0,0.0,1.0,1.0,1.0
instrumentalness,113999.0,0.15605092335213466,0.3095558783578675,0.0,0.0,4.16e-05,0.049,1.0
liveness,113999.0,0.21355405407064973,0.19037808978771767,0.0,0.098,0.132,0.273,1.0
key_sin,113999.0,-0.03405184031012566,0.6755064870746095,-1.0,-0.5000000000000004,0.0,0.4999999999999999,1.0
key_cos,113999.0,0.03763811101079307,0.7356110250510285,-1.0,-0.8660254037844387,-1.8369701987210294e-16,0.8660254037844384,1.0
duration_log,113999.0,1.5239293180446984,0.28971638937680977,0.1337438700495956,1.361258564648667,1.5147828513259876,1.6786716438008709,4.480607029672766
duration_log_z,113999.0,4.4078967598798485e-16,1.0000043860322416,-4.798456685117646,-0.5614852070506356,-0.0315705537235338,0.5341189181387358,10.205465717945009
time_signature_class_boolean,113999.0,0.9740173159413679,0.15908427385505036,0.0,1.0,1.0,1.0,1.0
loudness_yeo,113999.0,-2.393428104912135e-17,1.0000043860322416,-3.9149586429579353,-0.5921203071286153,0.0657688299252718,0.6479729248205542,28.71125291570649
is_instrumental,113999.0,0.11259747892525374,0.31610150769219486,0.0,0.0,0.0,0.0,1.0
is_dance_hit,113999.0,0.0020175615575575225,0.04487213684939283,0.0,0.0,0.0,0.0,1.0
temp_zscore,113999.0,4.567458633540657e-16,1.0,-4.074538461187712,-0.7648600021801684,-0.0043596484388451,0.5978761734988197,4.043736517022843
track_genre_le,113999.0,56.49993420994921,32.90799343272328,0.0,28.0,56.0,85.0,114.0
