Popularity,Track Count
-1.4902054888413832,16019
-1.4453722128582307,2140
-1.4005389368750785,1036
-1.3557056608919262,585
-1.3108723849087738,389
-1.2660391089256215,599
-1.221205832942469,426
-1.1763725569593169,465
-1.1315392809761646,544
-1.0867060049930124,525
-1.04187272900986,733
-0.9970394530267076,797
-0.9522061770435554,810
-0.9073729010604032,695
-0.8625396250772508,544
-0.8177063490940986,601
-0.7728730731109462,972
-0.7280397971277939,1119
-0.6832065211446416,1455
-0.6383732451614893,1612
-0.593539969178337,2110
-0.5487066931951847,2344
-0.5038734172120324,2354
-0.4590401412288801,2117
-0.4142068652457278,1829
-0.3693735892625754,1603
-0.3245403132794232,1651
-0.2797070372962709,1518
-0.2348737613131185,1494
-0.1900404853299662,1400
-0.1452072093468139,1269
-0.1003739333636616,1202
-0.0555406573805093,1315
-0.010707381397357,1309
0.0341258945857952,1409
0.0789591705689475,1460
0.1237924465520998,1525
0.1686257225352521,1683
0.2134589985184044,1891
0.2582922745015567,1863
0.303125550484709,1913
0.3479588264678613,1996
0.3927921024510136,1871
0.4376253784341659,2073
0.4824586544173183,2288
0.5272919304004705,2004
0.5721252063836229,1906
0.6169584823667752,1807
0.6617917583499274,1722
0.7066250343330798,1640
0.7514583103162321,1597
0.7962915862993843,1516
0.8411248622825367,1473
0.885958138265689,1351
0.9307914142488412,1438
0.9756246902319936,1447
1.0204579662151458,1540
1.0652912421982983,1456
1.1101245181814503,1396
1.1549577941646028,1331
1.199791070147755,1252
1.2446243461309074,1055
1.2894576221140597,1080
1.334290898097212,1028
1.3791241740803644,930
1.4239574500635166,952
1.4687907260466688,893
1.5136240020298213,826
1.5584572780129735,702
1.6032905539961255,632
1.6481238299792782,626
1.6929571059624304,576
1.7377903819455829,485
1.7826236579287351,467
1.8274569339118876,487
1.87229020989504,417
1.917123485878192,393
1.9619567618613445,314
2.0067900378444965,254
2.051623313827649,252
2.096456589810801,247
2.1412898657939534,165
2.186123141777106,158
2.230956417760258,156
2.2757896937434103,103
2.320622969726563,101
2.365456245709715,53
2.4102895216928677,49
2.45512279767602,44
2.499956073659172,27
2.544789349642324,30
2.5896226256254766,10
2.6344559016086286,9
2.679289177591781,12
2.724122453574933,7
2.7689557295580856,5
2.813789005541238,7
2.8586222815243905,8
2.9034555575075425,7
2.9482888334906945,1
2.993122109473847,2
