Actual Class,Predicted Class,Probability_High,Probability_Low,Probability_Medium
High,Low,0.2,0.6,0.2
High,High,1.0,0.0,0.0
High,Low,0.4,0.6,0.0
Low,Low,0.2,0.8,0.0
Low,High,0.8,0.2,0.0
Medium,High,1.0,0.0,0.0
Medium,High,0.8,0.2,0.0
Low,High,1.0,0.0,0.0
High,Medium,0.0,0.4,0.6
Medium,Low,0.2,0.4,0.4
High,High,1.0,0.0,0.0
High,High,0.4,0.2,0.4
Medium,Medium,0.2,0.0,0.8
High,High,0.6,0.0,0.4
Low,Medium,0.0,0.2,0.8
Medium,High,0.6,0.0,0.4
High,High,0.6,0.0,0.4
Medium,Low,0.4,0.6,0.0
Medium,Low,0.0,0.6,0.4
Low,High,0.8,0.2,0.0
Medium,Low,0.0,0.6,0.4
Medium,Medium,0.2,0.2,0.6
Low,Low,0.0,0.6,0.4
Low,Medium,0.2,0.0,0.8
Low,Medium,0.2,0.0,0.8
High,Low,0.2,0.4,0.4
High,High,0.6,0.0,0.4
High,High,0.6,0.2,0.2
Medium,Medium,0.0,0.0,1.0
Low,High,0.4,0.2,0.4
Low,High,0.6,0.4,0.0
Low,High,0.6,0.0,0.4
Medium,High,0.8,0.0,0.2
Low,Low,0.0,1.0,0.0
High,High,0.8,0.2,0.0
Medium,Medium,0.4,0.0,0.6
Medium,Medium,0.2,0.0,0.8
High,Low,0.0,0.6,0.4
Low,Low,0.0,0.8,0.2
Medium,High,0.6,0.2,0.2
Low,Low,0.2,0.4,0.4
High,Low,0.0,0.8,0.2
Medium,Medium,0.2,0.2,0.6
Medium,Medium,0.2,0.0,0.8
Medium,Medium,0.2,0.2,0.6
High,High,0.4,0.4,0.2
Low,Low,0.2,0.8,0.0
Medium,High,0.4,0.2,0.4
High,High,0.8,0.0,0.2
High,Low,0.2,0.8,0.0
High,Medium,0.2,0.2,0.6
Medium,High,0.4,0.2,0.4
Medium,Low,0.0,0.8,0.2
High,High,0.6,0.0,0.4
High,High,0.6,0.2,0.2
Low,Low,0.4,0.6,0.0
High,High,0.8,0.0,0.2
Low,Low,0.0,1.0,0.0
High,High,0.6,0.2,0.2
High,Medium,0.4,0.0,0.6
Medium,Low,0.2,0.4,0.4
Low,Medium,0.2,0.2,0.6
Low,Medium,0.4,0.0,0.6
Low,Low,0.0,0.8,0.2
Medium,Medium,0.2,0.2,0.6
High,Medium,0.2,0.0,0.8
Medium,Medium,0.2,0.0,0.8
Low,Low,0.0,0.8,0.2
Medium,High,0.4,0.2,0.4
High,Medium,0.2,0.2,0.6
High,Low,0.4,0.6,0.0
Medium,Medium,0.0,0.4,0.6
High,High,0.6,0.2,0.2
Medium,High,0.6,0.0,0.4
High,High,1.0,0.0,0.0
High,High,0.4,0.2,0.4
Low,High,0.6,0.0,0.4
Low,Low,0.4,0.6,0.0
High,High,0.8,0.0,0.2
Medium,High,0.8,0.0,0.2
Low,Medium,0.0,0.4,0.6
Medium,High,0.4,0.2,0.4
Medium,Medium,0.2,0.2,0.6
Medium,High,0.6,0.4,0.0
High,Low,0.2,0.6,0.2
Medium,High,0.8,0.0,0.2
Low,Low,0.0,1.0,0.0
Medium,Medium,0.0,0.4,0.6
High,High,1.0,0.0,0.0
Medium,Medium,0.4,0.0,0.6
High,High,0.8,0.0,0.2
High,High,0.8,0.2,0.0
High,Medium,0.4,0.0,0.6
Low,Medium,0.2,0.2,0.6
Medium,Medium,0.0,0.0,1.0
Medium,Medium,0.2,0.2,0.6
Medium,Low,0.2,0.8,0.0
Medium,High,0.6,0.0,0.4
Medium,High,0.6,0.4,0.0
Low,Low,0.0,0.6,0.4
Low,High,0.4,0.2,0.4
Medium,Low,0.2,0.4,0.4
Medium,Medium,0.0,0.0,1.0
Medium,Low,0.0,0.8,0.2
Low,Low,0.2,0.4,0.4
Medium,High,0.6,0.0,0.4
Medium,Low,0.2,0.4,0.4
Medium,High,0.4,0.4,0.2
Medium,Low,0.2,0.6,0.2
Medium,High,0.6,0.0,0.4
High,High,0.4,0.4,0.2
Medium,High,0.6,0.0,0.4
Medium,High,0.8,0.0,0.2
Low,High,0.4,0.4,0.2
High,High,0.6,0.0,0.4
Low,Medium,0.2,0.0,0.8
Low,Low,0.0,1.0,0.0
Low,Low,0.0,1.0,0.0
Medium,Medium,0.4,0.0,0.6
Medium,Low,0.4,0.6,0.0
High,High,0.4,0.2,0.4
Medium,High,0.6,0.4,0.0
High,Low,0.2,0.6,0.2
Low,Low,0.0,1.0,0.0
High,High,1.0,0.0,0.0
Low,Low,0.2,0.4,0.4
Low,Medium,0.0,0.0,1.0
Low,Low,0.2,0.6,0.2
High,High,0.6,0.2,0.2
Medium,High,0.4,0.4,0.2
Medium,Medium,0.2,0.0,0.8
Low,Low,0.0,0.8,0.2
Low,Low,0.0,0.8,0.2
Medium,Medium,0.2,0.0,0.8
Medium,Low,0.2,0.6,0.2
High,Low,0.0,0.8,0.2
Low,Low,0.0,1.0,0.0
Medium,High,0.6,0.0,0.4
Medium,Medium,0.2,0.0,0.8
Low,Low,0.0,0.8,0.2
Medium,High,0.6,0.0,0.4
Low,Low,0.0,0.6,0.4
Low,Low,0.0,0.8,0.2
Medium,High,0.6,0.0,0.4
High,Low,0.2,0.8,0.0
High,High,0.6,0.0,0.4
Medium,Medium,0.4,0.0,0.6
Low,Low,0.0,1.0,0.0
High,Medium,0.2,0.0,0.8
Medium,High,0.4,0.4,0.2
High,Low,0.2,0.8,0.0
Medium,High,0.8,0.0,0.2
Medium,High,0.6,0.0,0.4
Low,Low,0.0,1.0,0.0
High,High,0.8,0.0,0.2
Medium,High,1.0,0.0,0.0
High,High,0.8,0.0,0.2
Low,Low,0.2,0.8,0.0
Low,Low,0.0,1.0,0.0
Medium,Medium,0.2,0.2,0.6
Low,Medium,0.2,0.0,0.8
Medium,Low,0.2,0.6,0.2
Low,Medium,0.4,0.0,0.6
Medium,Low,0.2,0.8,0.0
Medium,High,0.6,0.2,0.2
Medium,Medium,0.0,0.4,0.6
Low,Low,0.2,0.4,0.4
Low,High,0.6,0.0,0.4
Low,Low,0.4,0.6,0.0
High,Low,0.4,0.6,0.0
Low,Low,0.0,1.0,0.0
High,High,0.4,0.2,0.4
Medium,High,0.6,0.2,0.2
Low,High,0.4,0.4,0.2
Low,Low,0.0,1.0,0.0
Low,Medium,0.0,0.2,0.8
Low,Medium,0.0,0.4,0.6
High,High,0.4,0.2,0.4
High,Medium,0.0,0.2,0.8
Medium,High,1.0,0.0,0.0
Medium,Low,0.0,0.6,0.4
Medium,High,0.8,0.0,0.2
High,High,0.6,0.0,0.4
Low,Low,0.0,1.0,0.0
Low,Low,0.0,1.0,0.0
High,High,0.6,0.0,0.4
High,High,0.6,0.0,0.4
Medium,High,0.8,0.0,0.2
High,High,0.6,0.2,0.2
Low,High,0.4,0.4,0.2
High,Medium,0.0,0.4,0.6
High,High,0.4,0.4,0.2
Medium,Medium,0.0,0.4,0.6
Low,Medium,0.0,0.4,0.6
High,High,0.6,0.4,0.0
Low,High,0.6,0.0,0.4
High,Low,0.2,0.8,0.0
Low,Low,0.2,0.4,0.4
Low,Low,0.0,0.6,0.4
Low,Low,0.0,1.0,0.0
High,High,0.8,0.0,0.2
Low,Low,0.2,0.8,0.0
High,High,1.0,0.0,0.0
High,High,0.6,0.4,0.0
Medium,Low,0.2,0.8,0.0
High,High,0.8,0.0,0.2
Low,Low,0.0,1.0,0.0
Low,High,0.6,0.4,0.0
Low,High,0.8,0.0,0.2
High,High,0.6,0.0,0.4
Low,Low,0.0,1.0,0.0
High,Medium,0.2,0.2,0.6
High,High,1.0,0.0,0.0
Low,Low,0.0,0.6,0.4
High,High,0.8,0.0,0.2
Low,High,0.6,0.2,0.2
High,Low,0.0,0.6,0.4
Low,Medium,0.0,0.4,0.6
High,High,0.6,0.4,0.0
High,Medium,0.2,0.2,0.6
High,Medium,0.4,0.0,0.6
High,High,0.6,0.0,0.4
Low,Low,0.0,1.0,0.0
Medium,Low,0.0,1.0,0.0
Low,Low,0.0,0.8,0.2
High,Low,0.0,0.8,0.2
Medium,High,1.0,0.0,0.0
High,Low,0.2,0.6,0.2
Medium,Medium,0.4,0.0,0.6
High,Low,0.2,0.6,0.2
Low,High,0.6,0.0,0.4
Medium,High,0.8,0.0,0.2
Medium,Low,0.2,0.6,0.2
Low,Low,0.4,0.6,0.0
Low,Medium,0.0,0.4,0.6
Low,Low,0.0,1.0,0.0
Medium,Medium,0.0,0.2,0.8
High,Medium,0.2,0.0,0.8
Medium,Medium,0.4,0.0,0.6
Low,Low,0.2,0.4,0.4
High,Low,0.2,0.4,0.4
Low,Low,0.2,0.8,0.0
Medium,High,0.6,0.0,0.4
High,High,0.6,0.2,0.2
High,High,0.4,0.4,0.2
Medium,High,0.6,0.2,0.2
Medium,Medium,0.2,0.0,0.8
Medium,Medium,0.2,0.0,0.8
High,High,0.6,0.0,0.4
Medium,Medium,0.2,0.2,0.6
Low,Low,0.4,0.6,0.0
Medium,Low,0.4,0.6,0.0
High,Low,0.0,0.8,0.2
Low,Low,0.2,0.6,0.2
High,High,0.6,0.0,0.4
Medium,High,0.4,0.2,0.4
Low,Low,0.2,0.6,0.2
Low,Low,0.0,1.0,0.0
Medium,High,0.6,0.2,0.2
Medium,Medium,0.0,0.4,0.6
Medium,Medium,0.0,0.2,0.8
Low,High,0.6,0.0,0.4
Medium,Low,0.0,0.6,0.4
Medium,Medium,0.4,0.0,0.6
Medium,Low,0.0,0.6,0.4
Medium,Medium,0.4,0.0,0.6
Low,Low,0.0,1.0,0.0
Low,Low,0.0,1.0,0.0
Low,Medium,0.4,0.0,0.6
Low,Low,0.0,0.8,0.2
Low,Low,0.0,1.0,0.0
High,Low,0.2,0.4,0.4
Low,High,0.8,0.0,0.2
High,High,0.8,0.0,0.2
Low,Low,0.2,0.6,0.2
Medium,Medium,0.2,0.2,0.6
Low,Low,0.0,1.0,0.0
High,High,0.8,0.0,0.2
High,High,0.4,0.4,0.2
Medium,High,0.4,0.4,0.2
High,High,0.8,0.2,0.0
High,High,1.0,0.0,0.0
Low,Low,0.2,0.4,0.4
Medium,Low,0.2,0.4,0.4
High,High,0.6,0.0,0.4
Medium,Medium,0.0,0.0,1.0
High,Medium,0.2,0.0,0.8
Medium,High,0.6,0.4,0.0
Low,Low,0.0,1.0,0.0
Low,Low,0.0,1.0,0.0
Medium,Low,0.2,0.4,0.4
High,Low,0.2,0.8,0.0
High,High,0.6,0.0,0.4
Medium,High,0.4,0.2,0.4
High,High,0.6,0.0,0.4
Medium,High,0.6,0.0,0.4
Medium,Medium,0.0,0.2,0.8
High,High,1.0,0.0,0.0
High,High,0.8,0.0,0.2
Medium,Medium,0.2,0.0,0.8
High,High,0.4,0.2,0.4
High,High,0.6,0.2,0.2
High,Medium,0.4,0.0,0.6
Medium,High,0.4,0.2,0.4
Medium,Medium,0.0,0.4,0.6
High,Medium,0.2,0.2,0.6
High,Medium,0.2,0.2,0.6
High,Medium,0.0,0.4,0.6
Low,Low,0.2,0.6,0.2
Medium,High,0.6,0.2,0.2
High,High,0.6,0.4,0.0
Low,High,0.6,0.0,0.4
Low,Low,0.0,0.8,0.2
Medium,High,0.6,0.0,0.4
High,Low,0.4,0.6,0.0
High,Medium,0.0,0.0,1.0
Low,Low,0.0,1.0,0.0
Low,Low,0.0,0.8,0.2
High,Medium,0.2,0.2,0.6
Low,High,0.6,0.0,0.4
High,Low,0.2,0.4,0.4
Medium,High,0.4,0.4,0.2
High,Medium,0.0,0.2,0.8
Medium,Medium,0.0,0.0,1.0
Medium,Medium,0.2,0.0,0.8
Medium,High,0.6,0.0,0.4
Low,High,0.6,0.4,0.0
Medium,High,0.6,0.0,0.4
Medium,Medium,0.0,0.4,0.6
Medium,Low,0.0,0.6,0.4
Medium,Medium,0.2,0.0,0.8
High,High,0.4,0.4,0.2
Medium,High,1.0,0.0,0.0
High,High,0.6,0.0,0.4
High,High,0.4,0.2,0.4
High,High,0.4,0.2,0.4
Low,Medium,0.0,0.4,0.6
Low,Low,0.0,1.0,0.0
Medium,Low,0.2,0.4,0.4
Medium,Low,0.0,0.6,0.4
Low,Low,0.0,1.0,0.0
Medium,Low,0.0,0.6,0.4
High,High,0.6,0.0,0.4
Medium,Medium,0.0,0.2,0.8
Medium,Low,0.2,0.8,0.0
High,Medium,0.4,0.0,0.6
Low,High,0.4,0.4,0.2
Low,Low,0.2,0.8,0.0
Medium,Medium,0.4,0.0,0.6
Low,High,0.6,0.2,0.2
High,High,0.6,0.4,0.0
High,High,1.0,0.0,0.0
Medium,Low,0.2,0.4,0.4
Medium,Low,0.4,0.6,0.0
Medium,High,1.0,0.0,0.0
Low,High,0.4,0.2,0.4
Low,High,0.6,0.4,0.0
Medium,Low,0.2,0.4,0.4
Medium,Medium,0.0,0.0,1.0
Low,Low,0.0,1.0,0.0
Medium,Medium,0.4,0.0,0.6
High,High,1.0,0.0,0.0
High,Low,0.0,0.6,0.4
Medium,Medium,0.0,0.4,0.6
Medium,High,0.6,0.0,0.4
Medium,Medium,0.2,0.2,0.6
Low,Low,0.2,0.6,0.2
Medium,Medium,0.0,0.0,1.0
Low,Low,0.2,0.4,0.4
High,Medium,0.4,0.0,0.6
High,High,0.6,0.0,0.4
Medium,Medium,0.2,0.0,0.8
High,Medium,0.4,0.0,0.6
Medium,Low,0.2,0.6,0.2
Low,Low,0.0,0.8,0.2
High,High,0.6,0.0,0.4
Low,High,1.0,0.0,0.0
Medium,Medium,0.4,0.0,0.6
Medium,High,0.4,0.4,0.2
Low,Low,0.2,0.4,0.4
Medium,High,0.8,0.0,0.2
Low,Low,0.4,0.6,0.0
High,High,0.6,0.2,0.2
Low,Low,0.0,0.8,0.2
High,High,0.6,0.2,0.2
Low,Low,0.0,1.0,0.0
Low,High,0.6,0.2,0.2
High,Medium,0.2,0.0,0.8
Medium,High,0.8,0.0,0.2
High,High,1.0,0.0,0.0
Low,Medium,0.2,0.2,0.6
Medium,Low,0.0,1.0,0.0
Low,High,1.0,0.0,0.0
Low,Low,0.2,0.8,0.0
High,Medium,0.2,0.0,0.8
Medium,High,0.8,0.2,0.0
High,Low,0.4,0.6,0.0
Low,High,0.6,0.2,0.2
Medium,High,0.6,0.0,0.4
Low,Low,0.0,1.0,0.0
Low,Low,0.2,0.8,0.0
High,High,0.8,0.0,0.2
Medium,High,1.0,0.0,0.0
Low,Low,0.0,1.0,0.0
Low,Low,0.0,0.8,0.2
Low,Low,0.2,0.4,0.4
High,Low,0.0,1.0,0.0
Low,Low,0.2,0.6,0.2
High,High,0.4,0.2,0.4
High,Medium,0.4,0.0,0.6
High,Medium,0.2,0.2,0.6
Low,Medium,0.0,0.2,0.8
High,Low,0.0,0.6,0.4
High,Low,0.0,0.8,0.2
Medium,Medium,0.0,0.0,1.0
Low,Medium,0.2,0.2,0.6
Low,Low,0.2,0.4,0.4
High,Medium,0.2,0.2,0.6
High,High,0.6,0.2,0.2
Low,Medium,0.2,0.2,0.6
Low,Low,0.0,1.0,0.0
High,Low,0.2,0.6,0.2
Low,Low,0.4,0.6,0.0
Low,Low,0.2,0.8,0.0
Low,Low,0.0,1.0,0.0
Low,Low,0.0,1.0,0.0
High,High,0.4,0.4,0.2
Low,Low,0.2,0.6,0.2
Low,Medium,0.0,0.2,0.8
Low,Medium,0.4,0.0,0.6
Medium,Medium,0.4,0.0,0.6
Medium,High,0.6,0.0,0.4
Low,High,0.8,0.0,0.2
High,High,1.0,0.0,0.0
Medium,Medium,0.2,0.0,0.8
Low,High,0.4,0.4,0.2
Medium,Medium,0.2,0.0,0.8
High,High,0.6,0.4,0.0
Low,High,0.4,0.2,0.4
Low,High,0.4,0.4,0.2
Low,Low,0.0,0.8,0.2
Low,High,0.4,0.4,0.2
Medium,High,0.6,0.0,0.4
High,High,0.8,0.0,0.2
Low,Medium,0.0,0.4,0.6
Low,Low,0.2,0.6,0.2
Low,Low,0.0,0.6,0.4
Low,Low,0.0,1.0,0.0
Low,Low,0.0,1.0,0.0
High,Medium,0.2,0.2,0.6
High,Low,0.4,0.6,0.0
Low,Low,0.0,1.0,0.0
High,High,0.8,0.0,0.2
Medium,High,0.4,0.2,0.4
Medium,High,0.8,0.2,0.0
Low,Low,0.2,0.4,0.4
High,High,0.8,0.0,0.2
Low,Low,0.2,0.8,0.0
Low,Low,0.2,0.6,0.2
High,High,0.8,0.2,0.0
Medium,High,0.8,0.0,0.2
Medium,High,0.6,0.0,0.4
Low,Low,0.2,0.8,0.0
Medium,Low,0.0,0.8,0.2
Low,High,0.6,0.4,0.0
Low,Medium,0.0,0.4,0.6
Medium,Medium,0.0,0.0,1.0
Low,Low,0.0,1.0,0.0
High,High,0.6,0.2,0.2
Medium,Medium,0.4,0.0,0.6
High,Medium,0.2,0.2,0.6
Medium,Medium,0.0,0.0,1.0
Low,High,0.4,0.4,0.2
Low,Low,0.2,0.8,0.0
Medium,Low,0.0,0.6,0.4
Medium,Medium,0.2,0.0,0.8
Low,Medium,0.2,0.0,0.8
High,High,0.4,0.2,0.4
Medium,Medium,0.0,0.2,0.8
Low,Low,0.0,1.0,0.0
Low,Low,0.0,1.0,0.0
Low,Low,0.0,1.0,0.0
Medium,Medium,0.2,0.0,0.8
High,High,0.8,0.2,0.0
Medium,High,0.6,0.0,0.4
Low,Low,0.2,0.8,0.0
High,High,0.6,0.2,0.2
Low,Low,0.4,0.6,0.0
High,High,0.4,0.2,0.4
Medium,Low,0.4,0.6,0.0
Medium,Medium,0.2,0.0,0.8
Medium,Low,0.2,0.6,0.2
Low,Low,0.0,1.0,0.0
Low,High,0.4,0.4,0.2
Low,Low,0.0,1.0,0.0
Medium,Low,0.2,0.6,0.2
High,High,0.6,0.2,0.2
High,Medium,0.4,0.0,0.6
High,High,0.8,0.0,0.2
High,Low,0.4,0.6,0.0
